"region","subregion","count"
"alabama","autauga",23597
"alabama","baldwin",106494
"alabama","barbour",9951
"alabama","bibb",6293
"alabama","blount",32048
"alabama","bullock",2487
"alabama","butler",6451
"alabama","calhoun",366026
"alabama","chambers",29423
"alabama","cherokee",9218
"alabama","chilton",11551
"alabama","choctaw",6258
"alabama","clarke",9473
"alabama","clay",9387
"alabama","cleburne",4251
"alabama","coffee",55351
"alabama","colbert",25867
"alabama","conecuh",4030
"alabama","coosa",765
"alabama","covington",16263
"alabama","crenshaw",3526
"alabama","cullman",51680
"alabama","dale",46135
"alabama","dallas",8337
"alabama","de kalb",22958
"alabama","elmore",67040
"alabama","escambia",28660
"alabama","etowah",66760
"alabama","fayette",7916
"alabama","franklin",9413
"alabama","geneva",9419
"alabama","greene",1880
"alabama","hale",2672
"alabama","henry",10325
"alabama","houston",64957
"alabama","jackson",18571
"alabama","jefferson",1185426
"alabama","lamar",2288
"alabama","lauderdale",43300
"alabama","lawrence",8557
"alabama","lee",169312
"alabama","limestone",35388
"alabama","lowndes",4552
"alabama","macon",15253
"alabama","madison",3883554
"alabama","marengo",9016
"alabama","marion",21897
"alabama","marshall",43755
"alabama","mobile",221263
"alabama","monroe",16150
"alabama","montgomery",14726707
"alabama","morgan",84604
"alabama","perry",7788
"alabama","pickens",2689
"alabama","pike",16372
"alabama","randolph",9304
"alabama","russell",105713
"alabama","shelby",373793
"alabama","st clair",68710
"alabama","sumter",6417
"alabama","talladega",73588
"alabama","tallapoosa",17900
"alabama","tuscaloosa",179420
"alabama","walker",34176
"alabama","washington",8399
"alabama","wilcox",3572
"alabama","winston",8305
"arizona","apache",45388
"arizona","cochise",52489718
"arizona","coconino",147482
"arizona","gila",18097
"arizona","graham",27279
"arizona","greenlee",3741
"arizona","maricopa",7206185
"arizona","mohave",166115
"arizona","navajo",61587
"arizona","pima",1465763
"arizona","pinal",206930
"arizona","santa cruz",13178
"arizona","yavapai",110720
"arizona","yuma",99991
"arkansas","arkansas",9733
"arkansas","ashley",11132
"arkansas","baxter",29655
"arkansas","benton",1957565
"arkansas","boone",27062
"arkansas","bradley",3943
"arkansas","calhoun",4375
"arkansas","carroll",18504
"arkansas","chicot",2779
"arkansas","clark",18019
"arkansas","clay",1953
"arkansas","cleburne",13042
"arkansas","cleveland",4727
"arkansas","columbia",18359
"arkansas","conway",7756
"arkansas","craighead",125076
"arkansas","crawford",18441
"arkansas","crittenden",172030
"arkansas","cross",4991
"arkansas","dallas",4331
"arkansas","desha",3237
"arkansas","drew",13800
"arkansas","faulkner",230526
"arkansas","franklin",9197
"arkansas","fulton",4591
"arkansas","garland",80060
"arkansas","grant",11115
"arkansas","greene",22923
"arkansas","hempstead",9593
"arkansas","hot spring",25580
"arkansas","howard",1660
"arkansas","independence",14312
"arkansas","izard",12523
"arkansas","jackson",6261
"arkansas","jefferson",111250
"arkansas","johnson",14745
"arkansas","lafayette",2553
"arkansas","lawrence",4511
"arkansas","lee",1679
"arkansas","lincoln",641
"arkansas","little river",2955
"arkansas","logan",8792
"arkansas","lonoke",9581
"arkansas","madison",12539
"arkansas","marion",6796
"arkansas","miller",71697
"arkansas","mississippi",11434
"arkansas","monroe",3074
"arkansas","montgomery",2675
"arkansas","nevada",8
"arkansas","newton",1529
"arkansas","ouachita",16079
"arkansas","perry",2837
"arkansas","phillips",8592
"arkansas","pike",5858
"arkansas","poinsett",10632
"arkansas","polk",13461
"arkansas","pope",42038
"arkansas","prairie",1548
"arkansas","pulaski",999186
"arkansas","randolph",5535
"arkansas","saline",60208
"arkansas","scott",1544
"arkansas","searcy",3694
"arkansas","sebastian",136705
"arkansas","sevier",9565
"arkansas","sharp",16323
"arkansas","st francis",7674
"arkansas","stone",5367
"arkansas","union",14534
"arkansas","van buren",10094
"arkansas","washington",224707
"arkansas","white",37773
"arkansas","woodruff",808
"arkansas","yell",10454
"california","alameda",5394949
"california","alpine",644
"california","amador",15510
"california","butte",220316
"california","calaveras",35565
"california","colusa",8401
"california","contra costa",10964948
"california","del norte",8652
"california","el dorado",290594
"california","fresno",553119
"california","glenn",6147
"california","humboldt",139897
"california","imperial",118326
"california","inyo",4701
"california","kern",557822
"california","kings",76101
"california","lake",28713
"california","lassen",37438
"california","los angeles",15529242
"california","madera",67761
"california","marin",588838
"california","mariposa",13556
"california","mendocino",59305
"california","merced",225112
"california","modoc",5998
"california","mono",18757
"california","monterey",245895
"california","napa",100317
"california","nevada",75142
"california","orange",6481303
"california","placer",458975
"california","plumas",17947
"california","riverside",1783684
"california","sacramento",4212259
"california","san benito",28815
"california","san bernardino",1876414
"california","san diego",20133332
"california","san francisco",4716334
"california","san joaquin",589780
"california","san luis obispo",279694
"california","san mateo",4046698
"california","santa barbara",441086
"california","santa clara",71672091
"california","santa cruz",646460
"california","shasta",130187
"california","sierra",5439
"california","siskiyou",39753
"california","solano",243301
"california","sonoma",788673
"california","stanislaus",386642
"california","sutter",45527
"california","tehama",35065
"california","trinity",23239
"california","tulare",218476
"california","tuolumne",61471
"california","ventura",1158439
"california","yolo",562510
"california","yuba",36543
"colorado","adams",3206226
"colorado","alamosa",15963
"colorado","arapahoe",9184255
"colorado","archuleta",12762
"colorado","baca",538
"colorado","bent",2054
"colorado","boulder",1407355
"colorado","chaffee",13050
"colorado","cheyenne",766
"colorado","clear creek",6094
"colorado","conejos",278
"colorado","costilla",127
"colorado","crowley",330
"colorado","custer",7074
"colorado","delta",28723
"colorado","denver",3369302
"colorado","dolores",1028
"colorado","douglas",191697
"colorado","eagle",56624
"colorado","el paso",1193051
"colorado","elbert",9375
"colorado","fremont",20688
"colorado","garfield",19340
"colorado","gilpin",4227
"colorado","grand",15110
"colorado","gunnison",13943
"colorado","hinsdale",269
"colorado","huerfano",938
"colorado","jackson",262
"colorado","jefferson",975920
"colorado","kiowa",445
"colorado","kit carson",1937
"colorado","la plata",66304
"colorado","lake",4603
"colorado","larimer",2158326
"colorado","las animas",6322
"colorado","lincoln",2694
"colorado","logan",19060
"colorado","mesa",102086
"colorado","mineral",220
"colorado","moffat",10800
"colorado","montezuma",11805
"colorado","montrose",25573
"colorado","morgan",10992
"colorado","otero",14850
"colorado","ouray",2680
"colorado","park",5886
"colorado","phillips",3578
"colorado","pitkin",27071
"colorado","prowers",3464
"colorado","pueblo",205978
"colorado","rio blanco",12054
"colorado","rio grande",8227
"colorado","routt",28564
"colorado","saguache",4604
"colorado","san juan",510
"colorado","san miguel",4931
"colorado","sedgwick",636
"colorado","summit",19337
"colorado","teller",14301
"colorado","washington",3714
"colorado","weld",240994
"colorado","yuma",7662
"connecticut","fairfield",36859317
"connecticut","hartford",2196830
"connecticut","litchfield",106192
"connecticut","middlesex",349775
"connecticut","new haven",877686
"connecticut","new london",354141
"connecticut","tolland",172021
"connecticut","windham",77627
"delaware","kent",301541
"delaware","new castle",18953788
"delaware","sussex",122853
"district of columbia","washington",10759507
"florida","alachua",413659
"florida","baker",20832
"florida","bay",73294
"florida","bradford",11415
"florida","brevard",827563
"florida","broward",3028072
"florida","calhoun",9579
"florida","charlotte",83378
"florida","citrus",79657
"florida","clay",1713392
"florida","collier",236405
"florida","columbia",48399
"florida","dade",2015718
"florida","de soto",12374
"florida","dixie",18538
"florida","duval",1380551
"florida","escambia",165447
"florida","flagler",109471
"florida","franklin",5481
"florida","gadsden",33509
"florida","gilchrist",14657
"florida","glades",6792
"florida","gulf",11620
"florida","hamilton",1908
"florida","hardee",13541
"florida","hendry",8426
"florida","hernando",145721
"florida","highlands",49882
"florida","hillsborough",1524995
"florida","holmes",6822
"florida","indian river",90601
"florida","jackson",37045
"florida","jefferson",5877
"florida","lafayette",2171
"florida","lake",234106
"florida","lee",501247
"florida","leon",1531593
"florida","levy",28140
"florida","liberty",2167
"florida","madison",14609
"florida","manatee",223315
"florida","marion",223809
"florida","martin",143246
"florida","nassau",41775
"florida","okaloosa",80991
"florida","okeechobee",13943
"florida","orange",1929237
"florida","osceola",265393
"florida","palm beach",1787007
"florida","pasco",298085
"florida","pinellas",1377012
"florida","polk",654518
"florida","putnam",53645
"florida","santa rosa",68308
"florida","sarasota",300520
"florida","seminole",727111
"florida","st johns",157253
"florida","st lucie",166315
"florida","sumter",46639
"florida","suwannee",28214
"florida","taylor",7855
"florida","union",7288
"florida","volusia",523215
"florida","wakulla",14644
"florida","walton",44380
"florida","washington",13699
"georgia","appling",12301
"georgia","atkinson",2293
"georgia","bacon",9161
"georgia","baker",127
"georgia","baldwin",48480
"georgia","banks",9305
"georgia","barrow",52074
"georgia","bartow",56000
"georgia","ben hill",18131
"georgia","berrien",11225
"georgia","bibb",189696
"georgia","bleckley",7570
"georgia","brantley",6384
"georgia","brooks",8171
"georgia","bryan",22500
"georgia","bulloch",116314
"georgia","burke",7583
"georgia","butts",24273
"georgia","calhoun",2170
"georgia","camden",104390
"georgia","candler",10860
"georgia","carroll",155120
"georgia","catoosa",38126
"georgia","charlton",763
"georgia","chatham",404847
"georgia","chattahoochee",31015
"georgia","chattooga",10871
"georgia","cherokee",142182
"georgia","clarke",1603050
"georgia","clay",1278
"georgia","clayton",148413
"georgia","clinch",1146
"georgia","cobb",998336
"georgia","coffee",15672
"georgia","colquitt",33058
"georgia","columbia",120479
"georgia","cook",6634
"georgia","coweta",100924
"georgia","crawford",4085
"georgia","crisp",6635
"georgia","dade",9362
"georgia","dawson",16242
"georgia","de kalb",979623
"georgia","decatur",19182
"georgia","dodge",7283
"georgia","dooly",5875
"georgia","dougherty",80560
"georgia","douglas",94024
"georgia","early",2421
"georgia","echols",4850
"georgia","effingham",20586
"georgia","elbert",16698
"georgia","emanuel",9939
"georgia","evans",5256
"georgia","fannin",15023
"georgia","fayette",82864
"georgia","floyd",55793
"georgia","forsyth",101926
"georgia","franklin",8306
"georgia","fulton",7597379
"georgia","gilmer",20667
"georgia","glascock",3836
"georgia","glynn",30945
"georgia","gordon",26711
"georgia","grady",7318
"georgia","greene",9938
"georgia","gwinnett",4553101
"georgia","habersham",14204
"georgia","hall",147269
"georgia","hancock",14841
"georgia","haralson",19741
"georgia","harris",45253
"georgia","hart",19804
"georgia","heard",5749
"georgia","henry",201387
"georgia","houston",110876
"georgia","irwin",3948
"georgia","jackson",65495
"georgia","jasper",6825
"georgia","jeff davis",4983
"georgia","jefferson",10180
"georgia","jenkins",1025
"georgia","johnson",1528
"georgia","jones",11352
"georgia","lamar",11919
"georgia","lanier",3348
"georgia","laurens",20909
"georgia","lee",14449
"georgia","liberty",61579
"georgia","lincoln",3327
"georgia","long",3700
"georgia","lowndes",105929
"georgia","lumpkin",16971
"georgia","macon",2800
"georgia","madison",6382
"georgia","marion",2439
"georgia","mcduffie",16569
"georgia","mcintosh",12394
"georgia","meriwether",13795
"georgia","miller",637
"georgia","mitchell",9988
"georgia","monroe",10903
"georgia","morgan",18629
"georgia","murray",15417
"georgia","muscogee",194437
"georgia","newton",60097
"georgia","oconee",24553
"georgia","oglethorpe",6506
"georgia","paulding",68516
"georgia","peach",23986
"georgia","pickens",15257
"georgia","pierce",6761
"georgia","pike",8816
"georgia","polk",15795
"georgia","pulaski",7249
"georgia","putnam",17384
"georgia","quitman",510
"georgia","rabun",19291
"georgia","randolph",7163
"georgia","richmond",396866
"georgia","rockdale",55037
"georgia","schley",1273
"georgia","screven",7800
"georgia","seminole",6135
"georgia","spalding",39444
"georgia","stephens",16949
"georgia","stewart",1027
"georgia","sumter",25583
"georgia","talbot",8562
"georgia","taliaferro",127
"georgia","tattnall",8539
"georgia","taylor",6633
"georgia","telfair",1020
"georgia","terrell",1529
"georgia","thomas",22472
"georgia","tift",38252
"georgia","toombs",19369
"georgia","towns",6949
"georgia","treutlen",2042
"georgia","troup",76962
"georgia","turner",8052
"georgia","twiggs",70520
"georgia","union",9585
"georgia","upson",16904
"georgia","walker",39855
"georgia","walton",67288
"georgia","ware",23031
"georgia","warren",1464
"georgia","washington",9577
"georgia","wayne",14833
"georgia","webster",766
"georgia","wheeler",4466
"georgia","white",25498
"georgia","whitfield",48663
"georgia","wilcox",2039
"georgia","wilkes",7540
"georgia","wilkinson",6000
"georgia","worth",8177
"idaho","ada",1035427
"idaho","adams",1916
"idaho","bannock",131733
"idaho","bear lake",1914
"idaho","benewah",8484
"idaho","bingham",11283
"idaho","blaine",30821
"idaho","boise",1901
"idaho","bonner",29725
"idaho","bonneville",204874
"idaho","boundary",7216
"idaho","butte",1019
"idaho","camas",764
"idaho","canyon",73564
"idaho","caribou",3914
"idaho","cassia",8941
"idaho","clark",765
"idaho","clearwater",5747
"idaho","custer",2423
"idaho","elmore",22347
"idaho","franklin",6634
"idaho","fremont",6197
"idaho","gem",4730
"idaho","gooding",1593
"idaho","idaho",13280
"idaho","jefferson",7147
"idaho","jerome",4962
"idaho","kootenai",102354
"idaho","latah",164671
"idaho","lemhi",4262
"idaho","lincoln",1657
"idaho","madison",78183
"idaho","minidoka",11117
"idaho","nez perce",35930
"idaho","oneida",2809
"idaho","owyhee",2335
"idaho","payette",20326
"idaho","power",5007
"idaho","shoshone",7071
"idaho","teton",5743
"idaho","twin falls",52909
"idaho","valley",16868
"idaho","washington",7886
"illinois","adams",50969
"illinois","alexander",636
"illinois","bond",14957
"illinois","boone",31074
"illinois","brown",1356
"illinois","bureau",13760
"illinois","calhoun",3948
"illinois","carroll",9600
"illinois","cass",9246
"illinois","champaign",560709
"illinois","christian",24019
"illinois","clark",14689
"illinois","clay",10901
"illinois","clinton",27229
"illinois","coles",123116
"illinois","cook",13984169
"illinois","crawford",19807
"illinois","cumberland",4599
"illinois","de kalb",130690
"illinois","de witt",9948
"illinois","douglas",18547
"illinois","du page",7360588
"illinois","edgar",15332
"illinois","edwards",4205
"illinois","effingham",19812
"illinois","fayette",9562
"illinois","ford",11245
"illinois","franklin",21810
"illinois","fulton",9235
"illinois","gallatin",10352
"illinois","greene",4967
"illinois","grundy",21114
"illinois","hamilton",2420
"illinois","hancock",11997
"illinois","hardin",1243
"illinois","henderson",3956
"illinois","henry",33145
"illinois","iroquois",23972
"illinois","jackson",135149
"illinois","jasper",3181
"illinois","jefferson",34834
"illinois","jersey",23587
"illinois","jo daviess",13963
"illinois","johnson",8085
"illinois","kane",800512
"illinois","kankakee",53779
"illinois","kendall",74475
"illinois","knox",41594
"illinois","la salle",58888
"illinois","lake",1510252
"illinois","lawrence",8570
"illinois","lee",33154
"illinois","livingston",13466
"illinois","logan",14352
"illinois","macon",120974
"illinois","macoupin",40051
"illinois","madison",464558
"illinois","marion",8050
"illinois","marshall",20810
"illinois","mason",9440
"illinois","massac",2803
"illinois","mcdonough",68292
"illinois","mchenry",250157
"illinois","mclean",204112
"illinois","menard",12142
"illinois","mercer",8400
"illinois","monroe",21349
"illinois","montgomery",13439
"illinois","morgan",20363
"illinois","moultrie",16097
"illinois","ogle",34156
"illinois","peoria",344151
"illinois","perry",12708
"illinois","piatt",14948
"illinois","pike",8146
"illinois","pope",7119
"illinois","pulaski",2181
"illinois","putnam",2244
"illinois","randolph",28768
"illinois","richland",15093
"illinois","rock island",520405
"illinois","saline",19598
"illinois","sangamon",469915
"illinois","schuyler",1656
"illinois","scott",3318
"illinois","shelby",9169
"illinois","st clair",213371
"illinois","stark",2798
"illinois","stephenson",41579
"illinois","tazewell",101621
"illinois","union",10599
"illinois","vermilion",41022
"illinois","wabash",4018
"illinois","warren",10462
"illinois","washington",5392
"illinois","wayne",9885
"illinois","white",12233
"illinois","whiteside",44156
"illinois","will",548044
"illinois","williamson",63339
"illinois","winnebago",215417
"illinois","woodford",31003
"indiana","adams",30418
"indiana","allen",479007
"indiana","bartholomew",203053
"indiana","benton",3072
"indiana","blackford",3650
"indiana","boone",43749
"indiana","brown",5798
"indiana","carroll",13936
"indiana","cass",18988
"indiana","clark",88934
"indiana","clay",17239
"indiana","clinton",15262
"indiana","crawford",1402
"indiana","daviess",16448
"indiana","de kalb",44821
"indiana","dearborn",25900
"indiana","decatur",25361
"indiana","delaware",123005
"indiana","dubois",95245
"indiana","elkhart",146847
"indiana","fayette",9560
"indiana","floyd",112320
"indiana","fountain",14851
"indiana","franklin",15002
"indiana","fulton",4719
"indiana","gibson",6684
"indiana","grant",74308
"indiana","greene",10364
"indiana","hamilton",395328
"indiana","hancock",39100
"indiana","harrison",12414
"indiana","hendricks",107771
"indiana","henry",19463
"indiana","howard",122735
"indiana","huntington",11949
"indiana","jackson",29866
"indiana","jasper",91279
"indiana","jay",6758
"indiana","jefferson",20590
"indiana","jennings",14027
"indiana","johnson",94896
"indiana","knox",83328
"indiana","kosciusko",66226
"indiana","la porte",125538
"indiana","lagrange",10087
"indiana","lake",423231
"indiana","lawrence",30019
"indiana","madison",87165
"indiana","marion",10234761
"indiana","marshall",26156
"indiana","martin",11005
"indiana","miami",10236
"indiana","monroe",660735
"indiana","montgomery",92967
"indiana","morgan",49226
"indiana","newton",3752
"indiana","noble",37455
"indiana","ohio",1531
"indiana","orange",5800
"indiana","owen",8205
"indiana","parke",4151
"indiana","perry",9300
"indiana","pike",3023
"indiana","porter",179513
"indiana","posey",3582
"indiana","pulaski",13810
"indiana","putnam",97381
"indiana","randolph",6313
"indiana","ripley",14602
"indiana","rush",29058
"indiana","scott",4402
"indiana","shelby",36214
"indiana","spencer",35101
"indiana","st joseph",586632
"indiana","starke",14358
"indiana","steuben",28233
"indiana","sullivan",6923
"indiana","switzerland",1113
"indiana","tippecanoe",422287
"indiana","tipton",4141
"indiana","union",2549
"indiana","vanderburgh",338944
"indiana","vermillion",6374
"indiana","vigo",207654
"indiana","wabash",17656
"indiana","warren",2181
"indiana","warrick",25678
"indiana","washington",11807
"indiana","wayne",112264
"indiana","wells",32237
"indiana","white",17590
"indiana","whitley",30583
"iowa","adair",3762
"iowa","adams",2678
"iowa","allamakee",7410
"iowa","appanoose",5866
"iowa","audubon",3331
"iowa","benton",10109
"iowa","black hawk",228041
"iowa","boone",9327
"iowa","bremer",14542
"iowa","buchanan",7927
"iowa","buena vista",81502
"iowa","butler",7642
"iowa","calhoun",4717
"iowa","carroll",9815
"iowa","cass",8996
"iowa","cedar",13563
"iowa","cerro gordo",37125
"iowa","cherokee",10069
"iowa","chickasaw",5516
"iowa","clarke",7654
"iowa","clay",11539
"iowa","clayton",6118
"iowa","clinton",37606
"iowa","crawford",13408
"iowa","dallas",12387
"iowa","davis",4229
"iowa","decatur",10708
"iowa","delaware",9568
"iowa","des moines",32151
"iowa","dickinson",20892
"iowa","dubuque",64584
"iowa","emmet",7625
"iowa","fayette",12451
"iowa","floyd",8310
"iowa","franklin",10349
"iowa","fremont",2690
"iowa","greene",5750
"iowa","grundy",8822
"iowa","guthrie",8290
"iowa","hamilton",3760
"iowa","hancock",7400
"iowa","hardin",11905
"iowa","harrison",7402
"iowa","henry",17643
"iowa","howard",5641
"iowa","humboldt",5497
"iowa","ida",4082
"iowa","iowa",20189
"iowa","jackson",14957
"iowa","jasper",23858
"iowa","jefferson",31182
"iowa","johnson",383947
"iowa","jones",12337
"iowa","keokuk",3569
"iowa","kossuth",9057
"iowa","lee",16738
"iowa","linn",731488
"iowa","louisa",2545
"iowa","lucas",6508
"iowa","lyon",4927
"iowa","madison",5910
"iowa","mahaska",9710
"iowa","marion",33051
"iowa","marshall",156979
"iowa","mills",10834
"iowa","mitchell",9455
"iowa","monona",5029
"iowa","monroe",6541
"iowa","montgomery",9514
"iowa","muscatine",5354
"iowa","obrien",3823
"iowa","osceola",2554
"iowa","page",6693
"iowa","palo alto",10924
"iowa","plymouth",15147
"iowa","pocahontas",7525
"iowa","polk",1517360
"iowa","pottawattamie",68338
"iowa","poweshiek",78054
"iowa","ringgold",5877
"iowa","sac",5376
"iowa","scott",222236
"iowa","shelby",5990
"iowa","sioux",34112
"iowa","story",237810
"iowa","tama",6282
"iowa","taylor",3377
"iowa","union",8318
"iowa","van buren",1272
"iowa","wapello",23963
"iowa","warren",17973
"iowa","washington",11789
"iowa","wayne",2571
"iowa","webster",44719
"iowa","winnebago",9045
"iowa","winneshiek",23414
"iowa","woodbury",89130
"iowa","worth",4723
"iowa","wright",9376
"kansas","allen",26075
"kansas","anderson",3190
"kansas","atchison",9232
"kansas","barber",8946
"kansas","barton",17966
"kansas","bourbon",8045
"kansas","brown",5996
"kansas","butler",31084
"kansas","chase",1020
"kansas","chautauqua",2169
"kansas","cherokee",7409
"kansas","cheyenne",892
"kansas","clark",1528
"kansas","clay",3833
"kansas","cloud",7545
"kansas","coffey",71265
"kansas","comanche",892
"kansas","cowley",23565
"kansas","crawford",39677
"kansas","decatur",286
"kansas","dickinson",6261
"kansas","doniphan",9355
"kansas","douglas",283027
"kansas","edwards",765
"kansas","elk",2042
"kansas","ellis",42390
"kansas","ellsworth",6000
"kansas","finney",19132
"kansas","ford",55658
"kansas","franklin",19311
"kansas","geary",25281
"kansas","gove",381
"kansas","graham",1276
"kansas","grant",15218
"kansas","gray",3956
"kansas","greeley",892
"kansas","greenwood",3765
"kansas","hamilton",1277
"kansas","harper",3308
"kansas","harvey",27746
"kansas","haskell",2415
"kansas","hodgeman",1147
"kansas","jackson",12124
"kansas","jefferson",5606
"kansas","jewell",891
"kansas","johnson",1067354
"kansas","kearny",1148
"kansas","kingman",3944
"kansas","kiowa",11253
"kansas","labette",10263
"kansas","lane",1912
"kansas","leavenworth",90329
"kansas","lincoln",134
"kansas","linn",4727
"kansas","logan",1858
"kansas","lyon",27123
"kansas","marion",7399
"kansas","marshall",6894
"kansas","mcpherson",23272
"kansas","meade",1658
"kansas","miami",30957
"kansas","mitchell",14329
"kansas","montgomery",15952
"kansas","morris",15217
"kansas","morton",6650
"kansas","nemaha",7140
"kansas","neosho",9404
"kansas","ness",1399
"kansas","norton",5099
"kansas","osage",8433
"kansas","osborne",2039
"kansas","ottawa",7314
"kansas","pawnee",897
"kansas","phillips",2802
"kansas","pottawatomie",17245
"kansas","pratt",5493
"kansas","rawlins",1029
"kansas","reno",30941
"kansas","republic",3829
"kansas","rice",2838
"kansas","riley",197834
"kansas","rooks",2039
"kansas","rush",765
"kansas","russell",6777
"kansas","saline",50490
"kansas","scott",2553
"kansas","sedgwick",963398
"kansas","seward",11546
"kansas","shawnee",204597
"kansas","sheridan",1019
"kansas","sherman",4018
"kansas","smith",1401
"kansas","stafford",573
"kansas","stanton",1019
"kansas","stevens",3446
"kansas","sumner",24448
"kansas","thomas",21738
"kansas","trego",2086
"kansas","wabaunsee",2243
"kansas","wallace",764
"kansas","washington",1785
"kansas","wichita",1402
"kansas","wilson",3733
"kansas","woodson",382
"kansas","wyandotte",207083
"kentucky","adair",14303
"kentucky","allen",5609
"kentucky","anderson",10148
"kentucky","ballard",9599
"kentucky","barren",33232
"kentucky","bath",2166
"kentucky","bell",7935
"kentucky","boone",89077
"kentucky","bourbon",6667
"kentucky","boyd",44665
"kentucky","boyle",20351
"kentucky","bracken",3430
"kentucky","breathitt",1786
"kentucky","breckinridge",6019
"kentucky","bullitt",46231
"kentucky","butler",3283
"kentucky","caldwell",7936
"kentucky","calloway",40744
"kentucky","campbell",42066
"kentucky","carlisle",1911
"kentucky","carroll",4006
"kentucky","carter",18633
"kentucky","casey",3567
"kentucky","christian",59585
"kentucky","clark",28121
"kentucky","clay",15806
"kentucky","clinton",2808
"kentucky","crittenden",4724
"kentucky","cumberland",3575
"kentucky","daviess",90383
"kentucky","edmonson",3564
"kentucky","elliott",1149
"kentucky","estill",7567
"kentucky","fayette",750333
"kentucky","fleming",3946
"kentucky","floyd",15690
"kentucky","franklin",444513
"kentucky","fulton",1021
"kentucky","gallatin",1304
"kentucky","garrard",4585
"kentucky","grant",6972
"kentucky","graves",32381
"kentucky","grayson",14662
"kentucky","green",5481
"kentucky","greenup",13116
"kentucky","hancock",2904
"kentucky","hardin",99827
"kentucky","harlan",16430
"kentucky","harrison",12945
"kentucky","hart",8162
"kentucky","henderson",24632
"kentucky","henry",2913
"kentucky","hickman",780
"kentucky","hopkins",47037
"kentucky","jackson",9183
"kentucky","jefferson",1254075
"kentucky","jessamine",59347
"kentucky","johnson",12749
"kentucky","kenton",163576
"kentucky","knott",28728
"kentucky","knox",8678
"kentucky","larue",6381
"kentucky","laurel",35109
"kentucky","lawrence",9048
"kentucky","lee",3067
"kentucky","leslie",5991
"kentucky","letcher",7876
"kentucky","lewis",6233
"kentucky","lincoln",14684
"kentucky","livingston",5108
"kentucky","logan",14190
"kentucky","lyon",9991
"kentucky","madison",141477
"kentucky","magoffin",6616
"kentucky","marion",9430
"kentucky","marshall",16605
"kentucky","martin",3686
"kentucky","mason",11127
"kentucky","mccracken",62852
"kentucky","mccreary",5101
"kentucky","mclean",3065
"kentucky","meade",23424
"kentucky","menifee",2296
"kentucky","mercer",8848
"kentucky","metcalfe",5612
"kentucky","monroe",4205
"kentucky","montgomery",19600
"kentucky","morgan",10084
"kentucky","muhlenberg",14665
"kentucky","nelson",24534
"kentucky","nicholas",1533
"kentucky","ohio",4536
"kentucky","oldham",59232
"kentucky","owen",4261
"kentucky","pendleton",3531
"kentucky","perry",14916
"kentucky","pike",29708
"kentucky","powell",13947
"kentucky","pulaski",42495
"kentucky","robertson",254
"kentucky","rockcastle",6630
"kentucky","rowan",78552
"kentucky","russell",10122
"kentucky","scott",95073
"kentucky","shelby",21641
"kentucky","simpson",8022
"kentucky","spencer",12204
"kentucky","taylor",38473
"kentucky","todd",4020
"kentucky","trigg",9720
"kentucky","trimble",2771
"kentucky","union",3912
"kentucky","warren",163871
"kentucky","washington",4353
"kentucky","wayne",8537
"kentucky","webster",6345
"kentucky","whitley",31637
"kentucky","wolfe",1783
"kentucky","woodford",36849
"louisiana","acadia",38203
"louisiana","allen",5742
"louisiana","ascension",88428
"louisiana","assumption",22826
"louisiana","avoyelles",22594
"louisiana","beauregard",13200
"louisiana","bienville",3706
"louisiana","bossier",53513
"louisiana","caddo",206447
"louisiana","calcasieu",110291
"louisiana","caldwell",5493
"louisiana","cameron",509
"louisiana","catahoula",1025
"louisiana","claiborne",11967
"louisiana","concordia",4592
"louisiana","de soto",6259
"louisiana","east baton rouge",952740
"louisiana","east carroll",2821
"louisiana","east feliciana",7239
"louisiana","evangeline",14221
"louisiana","franklin",5092
"louisiana","grant",4465
"louisiana","iberia",45430
"louisiana","iberville",19438
"louisiana","jackson",7024
"louisiana","jefferson",415610
"louisiana","jefferson davis",10403
"louisiana","la salle",7193
"louisiana","lafayette",362916
"louisiana","lafourche",46954
"louisiana","lincoln",97103
"louisiana","livingston",60238
"louisiana","madison",10220
"louisiana","morehouse",9636
"louisiana","natchitoches",24429
"louisiana","orleans",791598
"louisiana","ouachita",174618
"louisiana","plaquemines",15467
"louisiana","pointe coupee",10853
"louisiana","rapides",108880
"louisiana","red river",2325
"louisiana","richland",3320
"louisiana","sabine",12563
"louisiana","st bernard",21804
"louisiana","st charles",28171
"louisiana","st helena",15720
"louisiana","st james",17063
"louisiana","st john the baptist",32478
"louisiana","st landry",32099
"louisiana","st martin",13590
"louisiana","st mary",24413
"louisiana","st tammany",248738
"louisiana","tangipahoa",165752
"louisiana","tensas",1904
"louisiana","terrebonne",78508
"louisiana","union",7658
"louisiana","vermilion",28113
"louisiana","vernon",57841
"louisiana","washington",17542
"louisiana","webster",15807
"louisiana","west baton rouge",15266
"louisiana","west carroll",2442
"louisiana","west feliciana",15582
"louisiana","winn",7951
"maine","androscoggin",147043
"maine","aroostook",51221
"maine","cumberland",291555
"maine","franklin",17591
"maine","hancock",25351
"maine","kennebec",192532
"maine","knox",38521
"maine","lincoln",20452
"maine","oxford",50346
"maine","penobscot",259275
"maine","piscataquis",11743
"maine","sagadahoc",81104
"maine","somerset",28896
"maine","waldo",20643
"maine","washington",22549
"maine","york",282880
"maryland","allegany",6186
"maryland","anne arundel",891594
"maryland","baltimore",919105
"maryland","baltimore city",1832407
"maryland","calvert",66004
"maryland","caroline",26945
"maryland","carroll",144717
"maryland","cecil",78420
"maryland","charles",134751
"maryland","dorchester",38795
"maryland","frederick",367516
"maryland","garrett",34420
"maryland","harford",253314
"maryland","howard",418673
"maryland","kent",25162
"maryland","montgomery",2392009
"maryland","prince georges",1739198
"maryland","queen annes",23454
"maryland","somerset",14773
"maryland","st marys",140901
"maryland","talbot",50526
"maryland","washington",130320
"maryland","wicomico",156839
"maryland","worcester",31888
"massachusetts","barnstable",174821
"massachusetts","berkshire",209982
"massachusetts","bristol",501152
"massachusetts","dukes",16546
"massachusetts","essex",1245845
"massachusetts","franklin",115704
"massachusetts","hampden",445940
"massachusetts","hampshire",379375
"massachusetts","middlesex",32795378
"massachusetts","nantucket",8731
"massachusetts","norfolk",1588701
"massachusetts","plymouth",380860
"massachusetts","suffolk",2458388
"massachusetts","worcester",1534253
"michigan","alcona",2296
"michigan","alger",10594
"michigan","allegan",112279
"michigan","alpena",15898
"michigan","antrim",13125
"michigan","arenac",4205
"michigan","baraga",17641
"michigan","barry",50409
"michigan","bay",183583
"michigan","benzie",4606
"michigan","berrien",290688
"michigan","branch",24229
"michigan","calhoun",164769
"michigan","cass",44720
"michigan","charlevoix",12753
"michigan","cheboygan",12747
"michigan","chippewa",28487
"michigan","clare",31048
"michigan","clinton",60886
"michigan","crawford",10961
"michigan","delta",22396
"michigan","dickinson",25115
"michigan","eaton",252872
"michigan","emmet",20147
"michigan","genesee",354620
"michigan","gladwin",19554
"michigan","gogebic",77280
"michigan","grand traverse",99845
"michigan","gratiot",27774
"michigan","hillsdale",33142
"michigan","houghton",90151
"michigan","huron",17014
"michigan","ingham",1372594
"michigan","ionia",41093
"michigan","iosco",13673
"michigan","iron",8302
"michigan","isabella",182814
"michigan","jackson",131980
"michigan","kalamazoo",361967
"michigan","kalkaska",7514
"michigan","kent",988022
"michigan","keweenaw",429
"michigan","lake",2150
"michigan","lapeer",76375
"michigan","leelanau",15962
"michigan","lenawee",91818
"michigan","livingston",143013
"michigan","luce",2563
"michigan","mackinac",1135
"michigan","macomb",686424
"michigan","manistee",9049
"michigan","marquette",75473
"michigan","mason",23377
"michigan","mecosta",83785
"michigan","menominee",9905
"michigan","midland",425461
"michigan","missaukee",5961
"michigan","monroe",161950
"michigan","montcalm",48230
"michigan","montmorency",3316
"michigan","muskegon",88633
"michigan","newaygo",37235
"michigan","oakland",2766217
"michigan","oceana",9179
"michigan","ogemaw",7689
"michigan","ontonagon",2292
"michigan","osceola",13650
"michigan","oscoda",16753
"michigan","otsego",19365
"michigan","ottawa",339513
"michigan","presque isle",4658
"michigan","roscommon",23111
"michigan","saginaw",129631
"michigan","sanilac",16915
"michigan","schoolcraft",1223
"michigan","shiawassee",50954
"michigan","st clair",62705
"michigan","st joseph",32729
"michigan","tuscola",31595
"michigan","van buren",33361
"michigan","washtenaw",17042864
"michigan","wayne",27898691
"michigan","wexford",17798
"minnesota","aitkin",8493
"minnesota","anoka",302309
"minnesota","becker",27415
"minnesota","beltrami",36392
"minnesota","benton",26992
"minnesota","big stone",1417
"minnesota","blue earth",123563
"minnesota","brown",23568
"minnesota","carlton",22195
"minnesota","carver",145312
"minnesota","cass",21615
"minnesota","chippewa",7540
"minnesota","chisago",47010
"minnesota","clay",99283
"minnesota","clearwater",4726
"minnesota","cook",3843
"minnesota","cottonwood",9424
"minnesota","crow wing",52309
"minnesota","dakota",760420
"minnesota","dodge",13327
"minnesota","douglas",31298
"minnesota","faribault",27303
"minnesota","fillmore",9945
"minnesota","freeborn",13418
"minnesota","goodhue",34228
"minnesota","grant",4882
"minnesota","hennepin",5514390
"minnesota","houston",11630
"minnesota","hubbard",9296
"minnesota","isanti",29256
"minnesota","itasca",26053
"minnesota","jackson",10420
"minnesota","kanabec",4093
"minnesota","kandiyohi",27367
"minnesota","kittson",7756
"minnesota","koochiching",13164
"minnesota","lac qui parle",10859
"minnesota","lake",15312
"minnesota","lake of the woods",1402
"minnesota","le sueur",19388
"minnesota","lincoln",4208
"minnesota","lyon",22109
"minnesota","mahnomen",3712
"minnesota","marshall",5610
"minnesota","martin",19921
"minnesota","mcleod",31516
"minnesota","meeker",16514
"minnesota","mille lacs",32675
"minnesota","morrison",26886
"minnesota","mower",14901
"minnesota","murray",6374
"minnesota","nicollet",79241
"minnesota","nobles",11360
"minnesota","norman",11755
"minnesota","olmsted",214155
"minnesota","otter tail",62556
"minnesota","pennington",8183
"minnesota","pine",9835
"minnesota","pipestone",6498
"minnesota","polk",57446
"minnesota","pope",9067
"minnesota","ramsey",3011339
"minnesota","red lake",1785
"minnesota","redwood",15154
"minnesota","renville",15630
"minnesota","rice",183233
"minnesota","rock",4973
"minnesota","roseau",10240
"minnesota","scott",177400
"minnesota","sherburne",60532
"minnesota","sibley",6002
"minnesota","st louis",231790
"minnesota","stearns",208785
"minnesota","steele",110642
"minnesota","stevens",15666
"minnesota","swift",4457
"minnesota","todd",13527
"minnesota","traverse",1019
"minnesota","wabasha",12898
"minnesota","wadena",14109
"minnesota","waseca",19856
"minnesota","washington",633482
"minnesota","watonwan",3706
"minnesota","wilkin",5487
"minnesota","winona",107842
"minnesota","wright",979641
"minnesota","yellow medicine",8964
"mississippi","adams",12892
"mississippi","alcorn",17397
"mississippi","amite",1927
"mississippi","attala",15992
"mississippi","benton",1295
"mississippi","bolivar",22595
"mississippi","calhoun",5235
"mississippi","carroll",1961
"mississippi","chickasaw",4598
"mississippi","choctaw",2937
"mississippi","claiborne",1546
"mississippi","clarke",2723
"mississippi","clay",10742
"mississippi","coahoma",11416
"mississippi","copiah",6847
"mississippi","covington",4100
"mississippi","de soto",89889
"mississippi","forrest",117893
"mississippi","franklin",3594
"mississippi","george",5634
"mississippi","greene",1145
"mississippi","grenada",18806
"mississippi","hancock",47486
"mississippi","harrison",134951
"mississippi","hinds",345111
"mississippi","holmes",3355
"mississippi","humphreys",11371
"mississippi","itawamba",7984
"mississippi","jackson",67093
"mississippi","jasper",6462
"mississippi","jefferson",1210
"mississippi","jefferson davis",5495
"mississippi","jones",29827
"mississippi","kemper",2330
"mississippi","lafayette",95680
"mississippi","lamar",27038
"mississippi","lauderdale",40896
"mississippi","lawrence",1798
"mississippi","leake",6955
"mississippi","lee",42354
"mississippi","leflore",24244
"mississippi","lincoln",10801
"mississippi","lowndes",19544
"mississippi","madison",218388
"mississippi","marion",9733
"mississippi","marshall",11608
"mississippi","monroe",10165
"mississippi","montgomery",3917
"mississippi","neshoba",11373
"mississippi","newton",7621
"mississippi","noxubee",1953
"mississippi","oktibbeha",98309
"mississippi","panola",9571
"mississippi","pearl river",16628
"mississippi","perry",7900
"mississippi","pike",14507
"mississippi","pontotoc",7069
"mississippi","prentiss",6636
"mississippi","quitman",2055
"mississippi","rankin",135550
"mississippi","scott",16858
"mississippi","sharkey",262
"mississippi","simpson",2644
"mississippi","smith",6334
"mississippi","stone",1790
"mississippi","sunflower",7324
"mississippi","tallahatchie",2867
"mississippi","tate",8123
"mississippi","tippah",10941
"mississippi","tishomingo",4634
"mississippi","tunica",2633
"mississippi","union",13274
"mississippi","walthall",4009
"mississippi","warren",52307
"mississippi","washington",23982
"mississippi","wayne",3574
"mississippi","webster",4481
"mississippi","wilkinson",659
"mississippi","winston",4899
"mississippi","yalobusha",5890
"mississippi","yazoo",7218
"missouri","adair",75347
"missouri","andrew",4710
"missouri","atchison",4941
"missouri","audrain",10426
"missouri","barry",37634
"missouri","barton",6241
"missouri","bates",9434
"missouri","benton",15247
"missouri","bollinger",2634
"missouri","boone",553028
"missouri","buchanan",155900
"missouri","butler",40320
"missouri","caldwell",3188
"missouri","callaway",159016
"missouri","camden",25835
"missouri","cape girardeau",112268
"missouri","carroll",5018
"missouri","carter",1019
"missouri","cass",77507
"missouri","cedar",14159
"missouri","chariton",3321
"missouri","christian",53608
"missouri","clark",1547
"missouri","clay",258558
"missouri","clinton",21443
"missouri","cole",188454
"missouri","cooper",7959
"missouri","crawford",2165
"missouri","dade",3866
"missouri","dallas",9463
"missouri","daviess",6123
"missouri","de kalb",637
"missouri","dent",3069
"missouri","douglas",4803
"missouri","dunklin",10873
"missouri","franklin",66676
"missouri","gasconade",5438
"missouri","gentry",2806
"missouri","greene",309679
"missouri","grundy",6618
"missouri","harrison",4994
"missouri","henry",8718
"missouri","hickory",5367
"missouri","holt",2294
"missouri","howard",4186
"missouri","howell",16911
"missouri","iron",945
"missouri","jackson",1854150
"missouri","jasper",69663
"missouri","jefferson",127608
"missouri","johnson",95950
"missouri","knox",1911
"missouri","laclede",21637
"missouri","lafayette",19900
"missouri","lawrence",5586
"missouri","lewis",5756
"missouri","lincoln",31231
"missouri","linn",8097
"missouri","livingston",6134
"missouri","macon",6253
"missouri","madison",5377
"missouri","maries",4975
"missouri","marion",4411
"missouri","mcdonald",7397
"missouri","mercer",1417
"missouri","miller",7633
"missouri","mississippi",2167
"missouri","moniteau",2200
"missouri","monroe",2296
"missouri","montgomery",1701
"missouri","morgan",7534
"missouri","new madrid",1398
"missouri","newton",35059
"missouri","nodaway",7723
"missouri","oregon",1321
"missouri","osage",6235
"missouri","ozark",5240
"missouri","pemiscot",6886
"missouri","perry",11263
"missouri","pettis",31087
"missouri","phelps",92107
"missouri","pike",3077
"missouri","platte",56646
"missouri","polk",31894
"missouri","pulaski",78257
"missouri","putnam",2806
"missouri","ralls",84708
"missouri","randolph",12529
"missouri","ray",11268
"missouri","reynolds",1789
"missouri","ripley",7670
"missouri","saline",9106
"missouri","schuyler",636
"missouri","scotland",1527
"missouri","scott",10968
"missouri","shannon",270
"missouri","shelby",636
"missouri","st charles",763519
"missouri","st clair",5110
"missouri","st francois",28976
"missouri","st louis",10124310
"missouri","st louis city",2281025
"missouri","ste genevieve",10402
"missouri","stoddard",20355
"missouri","stone",9663
"missouri","sullivan",2609
"missouri","taney",41291
"missouri","texas",12355
"missouri","vernon",15357
"missouri","warren",18647
"missouri","washington",9716
"missouri","wayne",3122
"missouri","webster",10855
"missouri","worth",2294
"missouri","wright",6023
"montana","beaverhead",7100
"montana","big horn",4983
"montana","blaine",68704
"montana","broadwater",5103
"montana","carbon",8992
"montana","carter",255
"montana","cascade",73372
"montana","chouteau",2303
"montana","custer",5525
"montana","daniels",2299
"montana","dawson",6131
"montana","deer lodge",4794
"montana","fallon",1787
"montana","fergus",3966
"montana","flathead",69451
"montana","gallatin",210281
"montana","garfield",765
"montana","glacier",3960
"montana","golden valley",382
"montana","granite",424
"montana","hill",16985
"montana","jefferson",18710
"montana","judith basin",374
"montana","lake",20166
"montana","lewis and clark",137278
"montana","liberty",637
"montana","lincoln",15576
"montana","madison",3886
"montana","mccone",382
"montana","meagher",756
"montana","mineral",1264
"montana","missoula",306013
"montana","musselshell",2039
"montana","park",18875
"montana","phillips",1020
"montana","pondera",2312
"montana","powder river",638
"montana","powell",3051
"montana","prairie",1148
"montana","ravalli",36856
"montana","richland",8185
"montana","roosevelt",5224
"montana","rosebud",3868
"montana","sanders",6448
"montana","sheridan",3313
"montana","silver bow",7339
"montana","stillwater",5490
"montana","sweet grass",1790
"montana","teton",2862
"montana","toole",1661
"montana","treasure",510
"montana","valley",3822
"montana","wheatland",509
"montana","yellowstone",202227
"nebraska","adams",27319
"nebraska","antelope",2419
"nebraska","banner",255
"nebraska","boone",3950
"nebraska","box butte",10232
"nebraska","boyd",1147
"nebraska","brown",2033
"nebraska","buffalo",99719
"nebraska","burt",3963
"nebraska","butler",1527
"nebraska","cass",21834
"nebraska","cedar",2039
"nebraska","chase",2008
"nebraska","cherry",2563
"nebraska","cheyenne",15016
"nebraska","clay",4133
"nebraska","colfax",2446
"nebraska","cuming",2605
"nebraska","custer",10323
"nebraska","dakota",9651
"nebraska","dawes",67714
"nebraska","dawson",14586
"nebraska","deuel",127
"nebraska","dixon",2296
"nebraska","dodge",22678
"nebraska","douglas",1650238
"nebraska","dundy",3193
"nebraska","fillmore",3313
"nebraska","franklin",891
"nebraska","frontier",12477
"nebraska","furnas",510
"nebraska","gage",13741
"nebraska","garden",766
"nebraska","garfield",700
"nebraska","gosper",3187
"nebraska","grant",254
"nebraska","greeley",892
"nebraska","hall",22924
"nebraska","hamilton",9191
"nebraska","harlan",1526
"nebraska","hayes",510
"nebraska","hitchcock",4725
"nebraska","holt",7057
"nebraska","howard",1273
"nebraska","jefferson",5866
"nebraska","johnson",2812
"nebraska","kearney",1401
"nebraska","keith",5114
"nebraska","keya paha",382
"nebraska","kimball",4124
"nebraska","knox",3590
"nebraska","lancaster",602944
"nebraska","lincoln",27616
"nebraska","logan",510
"nebraska","madison",31483
"nebraska","mcpherson",127
"nebraska","merrick",15451
"nebraska","morrill",766
"nebraska","nance",1530
"nebraska","nemaha",16625
"nebraska","nuckolls",1403
"nebraska","otoe",8805
"nebraska","pawnee",382
"nebraska","perkins",1405
"nebraska","phelps",2164
"nebraska","pierce",2809
"nebraska","platte",89703
"nebraska","polk",636
"nebraska","red willow",9464
"nebraska","richardson",8180
"nebraska","rock",1659
"nebraska","saline",5115
"nebraska","sarpy",162698
"nebraska","saunders",10164
"nebraska","scotts bluff",37710
"nebraska","seward",23403
"nebraska","sheridan",2567
"nebraska","sherman",2556
"nebraska","sioux",2168
"nebraska","stanton",1787
"nebraska","thayer",2424
"nebraska","thurston",1792
"nebraska","valley",1782
"nebraska","washington",19195
"nebraska","wayne",5947
"nebraska","webster",6007
"nebraska","wheeler",254
"nebraska","york",9243
"nevada","carson city",155406
"nevada","churchill",31446
"nevada","clark",2614908
"nevada","douglas",56641
"nevada","elko",55386
"nevada","eureka",382
"nevada","humboldt",8706
"nevada","lander",2333
"nevada","lincoln",2296
"nevada","lyon",13941
"nevada","mineral",895
"nevada","nye",20936
"nevada","pershing",1281
"nevada","storey",9947
"nevada","washoe",593532
"nevada","white pine",7518
"new hampshire","belknap",30217
"new hampshire","carroll",42839
"new hampshire","cheshire",138329
"new hampshire","coos",20445
"new hampshire","grafton",237453
"new hampshire","hillsborough",787843
"new hampshire","merrimack",204125
"new hampshire","rockingham",684213
"new hampshire","strafford",134660
"new hampshire","sullivan",31804
"new jersey","atlantic",370037
"new jersey","bergen",2762728
"new jersey","burlington",706042
"new jersey","camden",683993
"new jersey","cape may",50715
"new jersey","cumberland",120563
"new jersey","essex",18577782
"new jersey","gloucester",206579
"new jersey","hudson",1436811
"new jersey","hunterdon",187484
"new jersey","mercer",1553628
"new jersey","middlesex",15951197
"new jersey","monmouth",5408900
"new jersey","morris",1832576
"new jersey","ocean",312153
"new jersey","passaic",864311
"new jersey","salem",28030
"new jersey","somerset",3147287
"new jersey","sussex",191022
"new jersey","union",1117749
"new jersey","warren",88201
"new mexico","bernalillo",1478442
"new mexico","catron",4340
"new mexico","chaves",18883
"new mexico","cibola",10900
"new mexico","colfax",3310
"new mexico","curry",31888
"new mexico","de baca",1533
"new mexico","dona ana",186864
"new mexico","eddy",21487
"new mexico","grant",9134
"new mexico","guadalupe",1533
"new mexico","harding",1789
"new mexico","hidalgo",1528
"new mexico","lea",52599
"new mexico","lincoln",14673
"new mexico","los alamos",405779
"new mexico","luna",4972
"new mexico","mckinley",23292
"new mexico","mora",2300
"new mexico","otero",94962
"new mexico","quay",3160
"new mexico","rio arriba",29350
"new mexico","roosevelt",9979
"new mexico","san juan",39523
"new mexico","san miguel",10068
"new mexico","sandoval",162408
"new mexico","santa fe",192081
"new mexico","sierra",4338
"new mexico","socorro",134651
"new mexico","taos",13419
"new mexico","torrance",4766
"new mexico","union",3703
"new mexico","valencia",36827
"new york","albany",1655552
"new york","allegany",160094
"new york","bronx",806565
"new york","broome",347892
"new york","cattaraugus",97364
"new york","cayuga",120603
"new york","chautauqua",248978
"new york","chemung",111687
"new york","chenango",37392
"new york","clinton",108611
"new york","columbia",49741
"new york","cortland",109534
"new york","delaware",105866
"new york","dutchess",493706
"new york","erie",1545847
"new york","essex",28368
"new york","franklin",22637
"new york","fulton",48229
"new york","genesee",41082
"new york","greene",30956
"new york","hamilton",7267
"new york","herkimer",259057
"new york","jefferson",91159
"new york","kings",1670704
"new york","lewis",13025
"new york","livingston",98914
"new york","madison",185710
"new york","monroe",4720935
"new york","montgomery",35738
"new york","nassau",2459993
"new york","new york",12977872
"new york","niagara",123211
"new york","oneida",272434
"new york","onondaga",972889
"new york","ontario",98711
"new york","orange",417476
"new york","orleans",17642
"new york","oswego",140356
"new york","otsego",174056
"new york","putnam",51978
"new york","queens",1412251
"new york","rensselaer",594417
"new york","richmond",275466
"new york","rockland",336964
"new york","saratoga",342341
"new york","schenectady",598612
"new york","schoharie",81367
"new york","schuyler",16593
"new york","seneca",20478
"new york","st lawrence",274470
"new york","steuben",222043
"new york","suffolk",2127248
"new york","sullivan",49798
"new york","tioga",22058
"new york","tompkins",413788
"new york","ulster",212927
"new york","warren",60579
"new york","washington",35140
"new york","wayne",56385
"new york","westchester",2466376
"new york","wyoming",25341
"new york","yates",20435
"north carolina","alamance",240090
"north carolina","alexander",9693
"north carolina","alleghany",6114
"north carolina","anson",6125
"north carolina","ashe",19012
"north carolina","avery",79344
"north carolina","beaufort",38306
"north carolina","bertie",15198
"north carolina","bladen",9148
"north carolina","brunswick",65670
"north carolina","buncombe",315333
"north carolina","burke",44539
"north carolina","cabarrus",154996
"north carolina","caldwell",41499
"north carolina","camden",2494
"north carolina","carteret",42582
"north carolina","caswell",6770
"north carolina","catawba",152894
"north carolina","chatham",45529
"north carolina","cherokee",18737
"north carolina","chowan",9243
"north carolina","clay",4461
"north carolina","cleveland",143593
"north carolina","columbus",11412
"north carolina","craven",41721
"north carolina","cumberland",329035
"north carolina","currituck",27140
"north carolina","dare",127
"north carolina","davidson",93809
"north carolina","davie",25546
"north carolina","duplin",85829
"north carolina","durham",20189619
"north carolina","edgecombe",18921
"north carolina","forsyth",899048
"north carolina","franklin",21128
"north carolina","gaston",140323
"north carolina","gates",1034
"north carolina","graham",2841
"north carolina","granville",24977
"north carolina","greene",10726
"north carolina","guilford",916116
"north carolina","halifax",17770
"north carolina","harnett",247070
"north carolina","haywood",43952
"north carolina","henderson",61714
"north carolina","hertford",75456
"north carolina","hoke",26978
"north carolina","hyde",10997
"north carolina","iredell",204639
"north carolina","jackson",87456
"north carolina","johnston",124433
"north carolina","jones",10940
"north carolina","lee",58083
"north carolina","lenoir",24912
"north carolina","lincoln",65799
"north carolina","macon",31892
"north carolina","madison",12249
"north carolina","martin",7016
"north carolina","mcdowell",28753
"north carolina","mecklenburg",2441449
"north carolina","mitchell",6622
"north carolina","montgomery",5482
"north carolina","moore",129333
"north carolina","nash",56378
"north carolina","new hanover",338399
"north carolina","northampton",4977
"north carolina","onslow",96092
"north carolina","orange",358186
"north carolina","pamlico",2419
"north carolina","pasquotank",20080
"north carolina","pender",22846
"north carolina","perquimans",3697
"north carolina","person",18630
"north carolina","pitt",146382
"north carolina","polk",12794
"north carolina","randolph",69259
"north carolina","richmond",15364
"north carolina","robeson",129296
"north carolina","rockingham",37203
"north carolina","rowan",121918
"north carolina","rutherford",51178
"north carolina","sampson",27305
"north carolina","scotland",17126
"north carolina","stanly",30342
"north carolina","stokes",20720
"north carolina","surry",49335
"north carolina","swain",14746
"north carolina","transylvania",35597
"north carolina","tyrrell",127
"north carolina","union",212312
"north carolina","vance",17777
"north carolina","wake",19286199
"north carolina","warren",5096
"north carolina","washington",1909
"north carolina","watauga",92237
"north carolina","wayne",62875
"north carolina","wilkes",22646
"north carolina","wilson",67888
"north carolina","yadkin",18512
"north carolina","yancey",15013
"north dakota","adams",637
"north dakota","barnes",8326
"north dakota","benson",3824
"north dakota","billings",765
"north dakota","bottineau",3317
"north dakota","bowman",2421
"north dakota","burleigh",168710
"north dakota","cass",242403
"north dakota","cavalier",463337
"north dakota","dickey",11246
"north dakota","divide",255
"north dakota","dunn",1162
"north dakota","eddy",4217
"north dakota","emmons",1786
"north dakota","foster",5044
"north dakota","golden valley",1529
"north dakota","grand forks",44626
"north dakota","grant",762
"north dakota","griggs",636
"north dakota","hettinger",254
"north dakota","kidder",892
"north dakota","la moure",3189
"north dakota","logan",2805
"north dakota","mchenry",1719
"north dakota","mcintosh",382
"north dakota","mckenzie",4971
"north dakota","mclean",2124
"north dakota","mercer",10860
"north dakota","morton",8966
"north dakota","mountrail",12773
"north dakota","nelson",2166
"north dakota","oliver",254
"north dakota","pembina",2424
"north dakota","pierce",6138
"north dakota","ramsey",18660
"north dakota","ransom",2808
"north dakota","renville",1647
"north dakota","richland",22905
"north dakota","rolette",5742
"north dakota","sargent",1529
"north dakota","sheridan",381
"north dakota","sioux",889
"north dakota","slope",317
"north dakota","stark",25558
"north dakota","steele",1657
"north dakota","stutsman",17003
"north dakota","towner",1023
"north dakota","traill",4854
"north dakota","walsh",6892
"north dakota","ward",61841
"north dakota","wells",3704
"north dakota","williams",28421
"ohio","adams",7657
"ohio","allen",68896
"ohio","ashland",38079
"ohio","ashtabula",65007
"ohio","athens",107074
"ohio","auglaize",50183
"ohio","belmont",35329
"ohio","brown",16659
"ohio","butler",284906
"ohio","carroll",23396
"ohio","champaign",28116
"ohio","clark",210201
"ohio","clermont",108054
"ohio","clinton",29986
"ohio","columbiana",44178
"ohio","coshocton",13514
"ohio","crawford",12014
"ohio","cuyahoga",2352636
"ohio","darke",21073
"ohio","defiance",25148
"ohio","delaware",133619
"ohio","erie",41156
"ohio","fairfield",94171
"ohio","fayette",13341
"ohio","franklin",223441040
"ohio","fulton",19330
"ohio","gallia",10240
"ohio","geauga",77592
"ohio","greene",376834
"ohio","guernsey",15210
"ohio","hamilton",5784889
"ohio","hancock",55989
"ohio","hardin",79322
"ohio","harrison",9255
"ohio","henry",21910
"ohio","highland",19412
"ohio","hocking",18495
"ohio","holmes",34872
"ohio","huron",37905
"ohio","jackson",18200
"ohio","jefferson",37829
"ohio","knox",187842
"ohio","lake",228720
"ohio","lawrence",24587
"ohio","licking",173447
"ohio","logan",43003
"ohio","lorain",232868
"ohio","lucas",711280
"ohio","madison",18316
"ohio","mahoning",242158
"ohio","marion",42249
"ohio","medina",141009
"ohio","meigs",7645
"ohio","mercer",20840
"ohio","miami",133285
"ohio","monroe",4279
"ohio","montgomery",1202935
"ohio","morgan",2296
"ohio","morrow",29619
"ohio","muskingum",115238
"ohio","noble",2933
"ohio","ottawa",32077
"ohio","paulding",7175
"ohio","perry",8313
"ohio","pickaway",26503
"ohio","pike",15535
"ohio","portage",294397
"ohio","preble",29014
"ohio","putnam",23022
"ohio","richland",102379
"ohio","ross",36435
"ohio","sandusky",35566
"ohio","scioto",90954
"ohio","seneca",111255
"ohio","shelby",37488
"ohio","stark",403865
"ohio","summit",1253450
"ohio","trumbull",78514
"ohio","tuscarawas",62794
"ohio","union",37686
"ohio","van wert",17655
"ohio","vinton",7568
"ohio","warren",191246
"ohio","washington",41814
"ohio","wayne",158985
"ohio","williams",19810
"ohio","wood",160300
"ohio","wyandot",21733
"oklahoma","adair",4543
"oklahoma","alfalfa",2807
"oklahoma","atoka",4093
"oklahoma","beaver",3327
"oklahoma","beckham",15484
"oklahoma","blaine",4119
"oklahoma","bryan",18928
"oklahoma","caddo",15456
"oklahoma","canadian",59971
"oklahoma","carter",28187
"oklahoma","cherokee",23473
"oklahoma","choctaw",3877
"oklahoma","cimarron",511
"oklahoma","cleveland",200923
"oklahoma","coal",1545
"oklahoma","comanche",146635
"oklahoma","cotton",2933
"oklahoma","craig",19386
"oklahoma","creek",33582
"oklahoma","custer",15595
"oklahoma","delaware",15774
"oklahoma","dewey",2180
"oklahoma","ellis",437
"oklahoma","garfield",30757
"oklahoma","garvin",8552
"oklahoma","grady",20765
"oklahoma","grant",1125
"oklahoma","greer",382
"oklahoma","harmon",254
"oklahoma","harper",1531
"oklahoma","haskell",3571
"oklahoma","hughes",3965
"oklahoma","jackson",12412
"oklahoma","jefferson",1785
"oklahoma","johnston",3436
"oklahoma","kay",25002
"oklahoma","kingfisher",20236
"oklahoma","kiowa",2040
"oklahoma","latimer",3482
"oklahoma","le flore",24923
"oklahoma","lincoln",18773
"oklahoma","logan",16198
"oklahoma","love",2940
"oklahoma","major",4763
"oklahoma","marshall",3717
"oklahoma","mayes",17935
"oklahoma","mcclain",12028
"oklahoma","mccurtain",19422
"oklahoma","mcintosh",8680
"oklahoma","murray",13550
"oklahoma","muskogee",30006
"oklahoma","noble",4122
"oklahoma","nowata",766
"oklahoma","okfuskee",1527
"oklahoma","oklahoma",1156716
"oklahoma","okmulgee",21044
"oklahoma","osage",23044
"oklahoma","ottawa",11405
"oklahoma","pawnee",9663
"oklahoma","payne",114105
"oklahoma","pittsburg",16927
"oklahoma","pontotoc",27622
"oklahoma","pottawatomie",42785
"oklahoma","pushmataha",5484
"oklahoma","roger mills",1796
"oklahoma","rogers",37461
"oklahoma","seminole",6080
"oklahoma","sequoyah",11324
"oklahoma","stephens",30296
"oklahoma","texas",12781
"oklahoma","tillman",427
"oklahoma","tulsa",1331403
"oklahoma","wagoner",24808
"oklahoma","washington",539622
"oklahoma","washita",10113
"oklahoma","woods",6267
"oklahoma","woodward",17292
"oregon","baker",10362
"oregon","benton",231659
"oregon","clackamas",647938
"oregon","clatsop",12381
"oregon","columbia",30523
"oregon","coos",48913
"oregon","crook",13242
"oregon","curry",8064
"oregon","deschutes",132192
"oregon","douglas",82143
"oregon","gilliam",3222
"oregon","grant",4353
"oregon","harney",729
"oregon","hood river",23811
"oregon","jackson",186611
"oregon","jefferson",12149
"oregon","josephine",60174
"oregon","klamath",38361
"oregon","lake",4214
"oregon","lane",753240
"oregon","lincoln",31402
"oregon","linn",64591
"oregon","malheur",12731
"oregon","marion",486521
"oregon","morrow",267617
"oregon","multnomah",3405017
"oregon","polk",47319
"oregon","sherman",1554
"oregon","tillamook",12117
"oregon","umatilla",41744
"oregon","union",34234
"oregon","wallowa",4972
"oregon","wasco",21421
"oregon","washington",1331562
"oregon","wheeler",764
"oregon","yamhill",66286
"pennsylvania","adams",100026
"pennsylvania","allegheny",3764776
"pennsylvania","armstrong",50161
"pennsylvania","beaver",96949
"pennsylvania","bedford",22124
"pennsylvania","berks",414882
"pennsylvania","blair",87186
"pennsylvania","bradford",40423
"pennsylvania","bucks",566955
"pennsylvania","butler",129127
"pennsylvania","cambria",145213
"pennsylvania","cameron",1532
"pennsylvania","carbon",123754
"pennsylvania","centre",292577
"pennsylvania","chester",1090492
"pennsylvania","clarion",27157
"pennsylvania","clearfield",64421
"pennsylvania","clinton",5034
"pennsylvania","columbia",122049
"pennsylvania","crawford",113387
"pennsylvania","cumberland",434919
"pennsylvania","dauphin",1049924
"pennsylvania","delaware",886396
"pennsylvania","elk",25016
"pennsylvania","erie",242442
"pennsylvania","fayette",61493
"pennsylvania","forest",3570
"pennsylvania","franklin",108351
"pennsylvania","fulton",6556
"pennsylvania","greene",22995
"pennsylvania","huntingdon",65122
"pennsylvania","indiana",101611
"pennsylvania","jefferson",24700
"pennsylvania","juniata",7510
"pennsylvania","lackawanna",466948
"pennsylvania","lancaster",631773
"pennsylvania","lawrence",52996
"pennsylvania","lebanon",134102
"pennsylvania","lehigh",677664
"pennsylvania","luzerne",339786
"pennsylvania","lycoming",158217
"pennsylvania","mckean",21615
"pennsylvania","mercer",86990
"pennsylvania","mifflin",20053
"pennsylvania","monroe",101099
"pennsylvania","montgomery",2470794
"pennsylvania","montour",79865
"pennsylvania","northampton",755518
"pennsylvania","northumberland",54956
"pennsylvania","perry",26793
"pennsylvania","philadelphia",4222223
"pennsylvania","pike",33657
"pennsylvania","potter",36170
"pennsylvania","schuylkill",87157
"pennsylvania","snyder",26908
"pennsylvania","somerset",28150
"pennsylvania","sullivan",1176
"pennsylvania","susquehanna",31895
"pennsylvania","tioga",84167
"pennsylvania","union",90180
"pennsylvania","venango",115098
"pennsylvania","warren",27673
"pennsylvania","washington",174241
"pennsylvania","wayne",31975
"pennsylvania","westmoreland",1019442
"pennsylvania","wyoming",17214
"pennsylvania","york",309981
"rhode island","bristol",42695
"rhode island","kent",154116
"rhode island","newport",148043
"rhode island","providence",986532
"rhode island","washington",344371
"south carolina","abbeville",30330
"south carolina","aiken",131261
"south carolina","allendale",1336
"south carolina","anderson",181578
"south carolina","bamberg",13816
"south carolina","barnwell",13913
"south carolina","beaufort",94865
"south carolina","berkeley",200561
"south carolina","calhoun",2936
"south carolina","charleston",564977
"south carolina","cherokee",36029
"south carolina","chester",13272
"south carolina","chesterfield",21285
"south carolina","clarendon",8656
"south carolina","colleton",17355
"south carolina","darlington",27751
"south carolina","dillon",8304
"south carolina","dorchester",71284
"south carolina","edgefield",8093
"south carolina","fairfield",7654
"south carolina","florence",73077
"south carolina","georgetown",91525
"south carolina","greenville",1179393
"south carolina","greenwood",27358
"south carolina","hampton",3483
"south carolina","horry",202040
"south carolina","jasper",4364
"south carolina","kershaw",53938
"south carolina","lancaster",118962
"south carolina","laurens",23418
"south carolina","lee",2180
"south carolina","lexington",253276
"south carolina","marion",13224
"south carolina","marlboro",8151
"south carolina","mccormick",3572
"south carolina","newberry",15492
"south carolina","oconee",50309
"south carolina","orangeburg",39687
"south carolina","pickens",88572
"south carolina","richland",801862
"south carolina","saluda",659
"south carolina","spartanburg",408117
"south carolina","sumter",65127
"south carolina","union",13962
"south carolina","williamsburg",12732
"south carolina","york",246927
"south dakota","aurora",127
"south dakota","beadle",10236
"south dakota","bennett",127
"south dakota","bon homme",11403
"south dakota","brookings",90957
"south dakota","brown",33081
"south dakota","brule",4025
"south dakota","buffalo",382
"south dakota","butte",3059
"south dakota","campbell",255
"south dakota","charles mix",4767
"south dakota","clark",1402
"south dakota","clay",28451
"south dakota","codington",23389
"south dakota","corson",891
"south dakota","custer",9002
"south dakota","davison",29731
"south dakota","day",890
"south dakota","deuel",4208
"south dakota","dewey",7799
"south dakota","douglas",1027
"south dakota","edmunds",7
"south dakota","fall river",4622
"south dakota","faulk",1147
"south dakota","grant",3191
"south dakota","gregory",2296
"south dakota","haakon",509
"south dakota","hamlin",3573
"south dakota","hand",1149
"south dakota","hanson",388
"south dakota","harding",255
"south dakota","hughes",54
"south dakota","hutchinson",2811
"south dakota","hyde",2042
"south dakota","jackson",127
"south dakota","jerauld",636
"south dakota","jones",255
"south dakota","kingsbury",3686
"south dakota","lake",70130
"south dakota","lawrence",30713
"south dakota","lincoln",22240
"south dakota","lyman",3591
"south dakota","marshall",4341
"south dakota","mccook",2039
"south dakota","mcpherson",1146
"south dakota","meade",13536
"south dakota","mellette",255
"south dakota","miner",1531
"south dakota","minnehaha",267113
"south dakota","moody",3742
"south dakota","pennington",153999
"south dakota","perkins",1275
"south dakota","potter",2300
"south dakota","roberts",4721
"south dakota","sanborn",891
"south dakota","shannon",2164
"south dakota","spink",1910
"south dakota","stanley",31
"south dakota","sully",78309
"south dakota","todd",1693
"south dakota","tripp",5378
"south dakota","turner",1957
"south dakota","union",9360
"south dakota","walworth",382
"south dakota","yankton",15802
"south dakota","ziebach",1277
"tennessee","anderson",324808
"tennessee","bedford",30871
"tennessee","benton",10634
"tennessee","bledsoe",3959
"tennessee","blount",120229
"tennessee","bradley",67288
"tennessee","campbell",32256
"tennessee","cannon",3575
"tennessee","carroll",8439
"tennessee","carter",12924
"tennessee","cheatham",15829
"tennessee","chester",7647
"tennessee","claiborne",18672
"tennessee","clay",2936
"tennessee","cocke",20562
"tennessee","coffee",81247
"tennessee","crockett",26930
"tennessee","cumberland",50413
"tennessee","davidson",1960916
"tennessee","de kalb",7018
"tennessee","decatur",8689
"tennessee","dickson",16343
"tennessee","dyer",27653
"tennessee","fayette",14464
"tennessee","fentress",8938
"tennessee","franklin",77317
"tennessee","gibson",20986
"tennessee","giles",15979
"tennessee","grainger",9306
"tennessee","greene",38106
"tennessee","grundy",8682
"tennessee","hamblen",38541
"tennessee","hamilton",549616
"tennessee","hancock",1914
"tennessee","hardeman",7938
"tennessee","hardin",16146
"tennessee","hawkins",14504
"tennessee","haywood",12277
"tennessee","henderson",7399
"tennessee","henry",20979
"tennessee","hickman",8442
"tennessee","houston",5715
"tennessee","humphreys",6723
"tennessee","jackson",5372
"tennessee","jefferson",26800
"tennessee","johnson",7577
"tennessee","knox",775204
"tennessee","lake",516
"tennessee","lauderdale",22593
"tennessee","lawrence",24680
"tennessee","lewis",3950
"tennessee","lincoln",16600
"tennessee","loudon",38515
"tennessee","macon",8737
"tennessee","madison",109540
"tennessee","marion",19013
"tennessee","marshall",20635
"tennessee","maury",54932
"tennessee","mcminn",29058
"tennessee","mcnairy",8263
"tennessee","meigs",3152
"tennessee","monroe",20600
"tennessee","montgomery",165711
"tennessee","moore",3704
"tennessee","morgan",9107
"tennessee","obion",14663
"tennessee","overton",11128
"tennessee","perry",5738
"tennessee","pickett",1912
"tennessee","polk",16037
"tennessee","putnam",133204
"tennessee","rhea",23246
"tennessee","roane",38361
"tennessee","robertson",30846
"tennessee","rutherford",248438
"tennessee","scott",11632
"tennessee","sequatchie",5752
"tennessee","sevier",98482
"tennessee","shelby",1838186
"tennessee","smith",6919
"tennessee","stewart",2551
"tennessee","sullivan",358941
"tennessee","sumner",109323
"tennessee","tipton",23856
"tennessee","trousdale",1433
"tennessee","unicoi",8777
"tennessee","union",7030
"tennessee","van buren",1148
"tennessee","warren",27447
"tennessee","washington",230416
"tennessee","wayne",8408
"tennessee","weakley",34704
"tennessee","white",18642
"tennessee","williamson",179008
"tennessee","wilson",131384
"texas","anderson",41981
"texas","andrews",8184
"texas","angelina",40444
"texas","archer",11627
"texas","atascosa",18571
"texas","austin",22301
"texas","bailey",9395
"texas","bandera",23248
"texas","bastrop",45981
"texas","baylor",2041
"texas","bee",11489
"texas","bell",318587
"texas","bexar",3036661
"texas","blanco",22279
"texas","borden",127
"texas","bosque",13902
"texas","bowie",36248
"texas","brazoria",238077
"texas","brazos",339911
"texas","brewster",11315
"texas","briscoe",1019
"texas","brooks",765
"texas","brown",29449
"texas","burleson",12067
"texas","burnet",32454
"texas","caldwell",19995
"texas","calhoun",9717
"texas","callahan",4526
"texas","cameron",124958
"texas","camp",6282
"texas","carson",9451
"texas","cass",10489
"texas","castro",5325
"texas","chambers",15210
"texas","cherokee",36957
"texas","childress",2197
"texas","clay",3839
"texas","cochran",764
"texas","coke",2425
"texas","coleman",6270
"texas","collin",2842473
"texas","collingsworth",382
"texas","colorado",8890
"texas","comal",53062
"texas","comanche",15676
"texas","concho",1799
"texas","cooke",18071
"texas","coryell",47523
"texas","cottle",765
"texas","crane",9383
"texas","crockett",1416
"texas","crosby",3319
"texas","culberson",509
"texas","dallam",18280
"texas","dallas",9567522
"texas","dawson",7533
"texas","de witt",14693
"texas","deaf smith",6009
"texas","delta",636
"texas","denton",711868
"texas","dickens",766
"texas","dimmit",7199
"texas","donley",2168
"texas","duval",637
"texas","eastland",12146
"texas","ector",85215
"texas","edwards",2042
"texas","el paso",648203
"texas","ellis",182997
"texas","erath",29898
"texas","falls",11629
"texas","fannin",14150
"texas","fayette",11354
"texas","fisher",1807
"texas","floyd",9446
"texas","foard",766
"texas","fort bend",556463
"texas","franklin",6131
"texas","freestone",5623
"texas","frio",12781
"texas","gaines",3507
"texas","galveston",242834
"texas","garza",1657
"texas","gillespie",16231
"texas","glasscock",2808
"texas","goliad",382
"texas","gonzales",10133
"texas","gray",16861
"texas","grayson",82722
"texas","gregg",81006
"texas","grimes",7528
"texas","guadalupe",96314
"texas","hale",8861
"texas","hall",1276
"texas","hamilton",5486
"texas","hansford",5364
"texas","hardeman",2612
"texas","hardin",27322
"texas","harris",27583956
"texas","harrison",77729
"texas","hartley",1021
"texas","haskell",5621
"texas","hays",212350
"texas","hemphill",4664
"texas","henderson",44725
"texas","hidalgo",575124
"texas","hill",19663
"texas","hockley",23610
"texas","hood",41645
"texas","hopkins",9667
"texas","houston",6625
"texas","howard",21343
"texas","hudspeth",11131
"texas","hunt",54815
"texas","hutchinson",9764
"texas","irion",637
"texas","jack",3442
"texas","jackson",6526
"texas","jasper",22863
"texas","jeff davis",2934
"texas","jefferson",205054
"texas","jim hogg",1020
"texas","jim wells",13552
"texas","johnson",103207
"texas","jones",21039
"texas","karnes",6041
"texas","kaufman",66618
"texas","kendall",22513
"texas","kerr",61999
"texas","kimble",1529
"texas","kinney",255
"texas","kleberg",81719
"texas","knox",1401
"texas","la salle",1786
"texas","lamar",25560
"texas","lamb",4854
"texas","lampasas",15986
"texas","lavaca",4674
"texas","lee",4180
"texas","leon",13007
"texas","liberty",40497
"texas","limestone",7484
"texas","lipscomb",3952
"texas","live oak",2321
"texas","llano",11365
"texas","lubbock",403579
"texas","lynn",2683
"texas","madison",7413
"texas","marion",6893
"texas","martin",127
"texas","mason",3575
"texas","matagorda",83903
"texas","maverick",20293
"texas","mcculloch",3857
"texas","mclennan",288652
"texas","mcmullen",511
"texas","medina",10942
"texas","menard",254
"texas","midland",107236
"texas","milam",15884
"texas","mills",2680
"texas","mitchell",5499
"texas","montague",11259
"texas","montgomery",539659
"texas","moore",8804
"texas","morris",2300
"texas","nacogdoches",86045
"texas","navarro",26341
"texas","newton",2936
"texas","nolan",49750
"texas","nueces",78385
"texas","ochiltree",8431
"texas","oldham",382
"texas","orange",50437
"texas","palo pinto",9580
"texas","panola",20149
"texas","parker",81677
"texas","parmer",2812
"texas","pecos",10983
"texas","polk",20092
"texas","potter",130131
"texas","presidio",4084
"texas","rains",7275
"texas","randall",85885
"texas","reagan",636
"texas","real",2422
"texas","red river",2931
"texas","reeves",4626
"texas","refugio",1048
"texas","roberts",765
"texas","robertson",4779
"texas","rockwall",79656
"texas","runnels",4118
"texas","rusk",36540
"texas","sabine",5871
"texas","san augustine",5380
"texas","san jacinto",7048
"texas","san patricio",24450
"texas","san saba",3317
"texas","schleicher",1086
"texas","scurry",6094
"texas","shackelford",1657
"texas","shelby",8926
"texas","sherman",1659
"texas","smith",158327
"texas","somervell",9702
"texas","starr",9836
"texas","stephens",2686
"texas","sterling",134
"texas","stonewall",907
"texas","sutton",1753
"texas","swisher",3829
"texas","tarrant",2415561
"texas","taylor",168371
"texas","terrell",383
"texas","terry",12012
"texas","throckmorton",540
"texas","titus",16326
"texas","tom green",82022
"texas","travis",6695342
"texas","trinity",6247
"texas","tyler",4495
"texas","upshur",30866
"texas","upton",255
"texas","uvalde",11963
"texas","val verde",22892
"texas","van zandt",28740
"texas","victoria",41138
"texas","walker",99222
"texas","waller",86180
"texas","ward",5419
"texas","washington",33378
"texas","webb",135513
"texas","wharton",18313
"texas","wheeler",5253
"texas","wichita",97434
"texas","wilbarger",6076
"texas","willacy",6648
"texas","williamson",878223
"texas","wilson",45886
"texas","winkler",1155
"texas","wise",36637
"texas","wood",26502
"texas","yoakum",4978
"texas","young",18429
"texas","zapata",3833
"texas","zavala",545
"utah","beaver",4990
"utah","box elder",39421
"utah","cache",259841
"utah","carbon",81111
"utah","daggett",3960
"utah","davis",254795
"utah","duchesne",19698
"utah","emery",19689
"utah","garfield",6769
"utah","iron",105972
"utah","juab",13020
"utah","kane",7150
"utah","millard",25695
"utah","morgan",5751
"utah","piute",3414
"utah","rich",4474
"utah","salt lake",3399900
"utah","san juan",39496
"utah","sanpete",86105
"utah","sevier",20081
"utah","summit",69502
"utah","tooele",56983
"utah","uintah",34865
"utah","utah",2074111
"utah","wasatch",31613
"utah","washington",194629
"utah","wayne",8313
"utah","weber",649407
"vermont","addison",86406
"vermont","bennington",25235
"vermont","caledonia",18368
"vermont","chittenden",330642
"vermont","essex",2443
"vermont","franklin",14422
"vermont","grand isle",1310
"vermont","lamoille",24892
"vermont","orange",14018
"vermont","orleans",10169
"vermont","rutland",99541
"vermont","washington",251934
"vermont","windham",65317
"vermont","windsor",44213
"virginia","accomack",41338
"virginia","albemarle",329865
"virginia","alleghany",11724
"virginia","amelia",7121
"virginia","amherst",19526
"virginia","appomattox",3250
"virginia","arlington",580164
"virginia","augusta",255824
"virginia","bath",3152
"virginia","bedford",57873
"virginia","bland",826
"virginia","botetourt",23711
"virginia","brunswick",8733
"virginia","buchanan",7878
"virginia","buckingham",3337
"virginia","campbell",229323
"virginia","caroline",30663
"virginia","carroll",5350
"virginia","charles city",1252
"virginia","charlotte",1533
"virginia","chesterfield",442276
"virginia","clarke",9750
"virginia","craig",2928
"virginia","culpeper",24148
"virginia","cumberland",1912
"virginia","dickenson",6369
"virginia","dinwiddie",19729
"virginia","essex",9332
"virginia","fairfax",25625820
"virginia","fauquier",73676
"virginia","floyd",8069
"virginia","fluvanna",15429
"virginia","franklin",20960
"virginia","frederick",89720
"virginia","giles",14563
"virginia","gloucester",41423
"virginia","goochland",30252
"virginia","grayson",10564
"virginia","greene",6776
"virginia","greensville",17486
"virginia","halifax",12854
"virginia","hampton",168730
"virginia","hanover",101836
"virginia","henrico",1847077
"virginia","henry",38591
"virginia","highland",3706
"virginia","isle of wight",25451
"virginia","james city",123815
"virginia","king and queen",3826
"virginia","king george",30727
"virginia","king william",25360
"virginia","lancaster",5081
"virginia","lee",8522
"virginia","loudoun",13634897
"virginia","louisa",23716
"virginia","lunenburg",4764
"virginia","madison",5116
"virginia","mathews",5615
"virginia","mecklenburg",14431
"virginia","middlesex",11281
"virginia","montgomery",206102
"virginia","nelson",9176
"virginia","new kent",15334
"virginia","newport news",300626
"virginia","norfolk",704715
"virginia","northampton",15089
"virginia","northumberland",13283
"virginia","nottoway",5882
"virginia","orange",16012
"virginia","page",17193
"virginia","patrick",10215
"virginia","pittsylvania",45670
"virginia","powhatan",13303
"virginia","prince edward",96106
"virginia","prince george",143260
"virginia","prince william",485287
"virginia","pulaski",86311
"virginia","rappahannock",6402
"virginia","richmond",11765
"virginia","roanoke",184591
"virginia","rockbridge",150583
"virginia","rockingham",137941
"virginia","russell",8772
"virginia","scott",20165
"virginia","shenandoah",30552
"virginia","smyth",16819
"virginia","southampton",3011
"virginia","spotsylvania",149661
"virginia","stafford",1052840
"virginia","suffolk",66281
"virginia","surry",1803
"virginia","sussex",4518
"virginia","tazewell",26426
"virginia","virginia beach",481341
"virginia","warren",14768
"virginia","washington",47020
"virginia","westmoreland",6661
"virginia","wise",85652
"virginia","wythe",13135
"virginia","york",53802
"washington","adams",12294
"washington","asotin",10569
"washington","benton",440014
"washington","chelan",51178
"washington","clallam",42864
"washington","clark",458825
"washington","columbia",1665
"washington","cowlitz",74682
"washington","douglas",43160
"washington","ferry",3325
"washington","franklin",48351
"washington","garfield",1276
"washington","grant",73601
"washington","grays harbor",16291
"washington","island",95136
"washington","jefferson",8207
"washington","king",5107300
"washington","kitsap",110505
"washington","kittitas",46493
"washington","klickitat",11657
"washington","lewis",39811
"washington","lincoln",6614
"washington","mason",46672
"washington","okanogan",19175
"washington","pacific",14438
"washington","pend oreille",14570
"washington","pierce",1042395
"washington","san juan",16354
"washington","skagit",72689
"washington","skamania",23703
"washington","snohomish",727169
"washington","spokane",880171
"washington","stevens",22536
"washington","thurston",905851
"washington","wahkiakum",2560
"washington","walla walla",90453
"washington","whatcom",48220
"washington","whitman",111716
"washington","yakima",143757
"west virginia","barbour",6719
"west virginia","berkeley",65036
"west virginia","boone",11196
"west virginia","braxton",2943
"west virginia","brooke",6210
"west virginia","cabell",62557
"west virginia","calhoun",6246
"west virginia","clay",1782
"west virginia","doddridge",1016
"west virginia","fayette",13197
"west virginia","gilmer",2822
"west virginia","grant",7648
"west virginia","greenbrier",13009
"west virginia","hampshire",12106
"west virginia","hancock",16146
"west virginia","hardy",9315
"west virginia","harrison",149845
"west virginia","jackson",13529
"west virginia","jefferson",47166
"west virginia","kanawha",178199
"west virginia","lewis",7528
"west virginia","lincoln",4466
"west virginia","logan",16060
"west virginia","marion",43424
"west virginia","marshall",10586
"west virginia","mason",12085
"west virginia","mcdowell",11361
"west virginia","mercer",50736
"west virginia","mineral",26910
"west virginia","mingo",8546
"west virginia","monongalia",191444
"west virginia","monroe",3189
"west virginia","morgan",12646
"west virginia","nicholas",12348
"west virginia","ohio",109144
"west virginia","pendleton",3703
"west virginia","pleasants",4719
"west virginia","pocahontas",5616
"west virginia","preston",9894
"west virginia","putnam",32332
"west virginia","raleigh",33879
"west virginia","randolph",18613
"west virginia","ritchie",3442
"west virginia","roane",5527
"west virginia","summers",2817
"west virginia","taylor",4444
"west virginia","tucker",7659
"west virginia","tyler",3453
"west virginia","upshur",16640
"west virginia","wayne",25493
"west virginia","webster",1528
"west virginia","wetzel",6042
"west virginia","wirt",509
"west virginia","wood",44427
"west virginia","wyoming",11696
"wisconsin","adams",19004
"wisconsin","ashland",10760
"wisconsin","barron",37127
"wisconsin","bayfield",7438
"wisconsin","brown",434200
"wisconsin","buffalo",9292
"wisconsin","burnett",4333
"wisconsin","calumet",21787
"wisconsin","chippewa",20051
"wisconsin","clark",8407
"wisconsin","columbia",27908
"wisconsin","crawford",7255
"wisconsin","dane",1989112
"wisconsin","dodge",49610
"wisconsin","door",35380
"wisconsin","douglas",85696
"wisconsin","dunn",84654
"wisconsin","eau claire",296571
"wisconsin","florence",254
"wisconsin","fond du lac",130409
"wisconsin","forest",4849
"wisconsin","grant",86697
"wisconsin","green",21712
"wisconsin","green lake",7270
"wisconsin","iowa",10333
"wisconsin","iron",763
"wisconsin","jackson",11914
"wisconsin","jefferson",50724
"wisconsin","juneau",17449
"wisconsin","kenosha",172597
"wisconsin","kewaunee",10987
"wisconsin","la crosse",430486
"wisconsin","lafayette",7591
"wisconsin","langlade",21798
"wisconsin","lincoln",10807
"wisconsin","manitowoc",45203
"wisconsin","marathon",111932
"wisconsin","marinette",30175
"wisconsin","marquette",11120
"wisconsin","milwaukee",1954958
"wisconsin","monroe",42406
"wisconsin","oconto",35881
"wisconsin","oneida",45970
"wisconsin","outagamie",236875
"wisconsin","ozaukee",64241
"wisconsin","pepin",542
"wisconsin","pierce",93498
"wisconsin","polk",26554
"wisconsin","portage",164386
"wisconsin","price",4539
"wisconsin","racine",430634
"wisconsin","richland",6793
"wisconsin","rock",164353
"wisconsin","rusk",4742
"wisconsin","sauk",52154
"wisconsin","sawyer",17974
"wisconsin","shawano",35532
"wisconsin","sheboygan",80527
"wisconsin","st croix",66451
"wisconsin","taylor",8182
"wisconsin","trempealeau",10218
"wisconsin","vernon",19502
"wisconsin","vilas",12720
"wisconsin","walworth",168582
"wisconsin","washburn",9334
"wisconsin","washington",94417
"wisconsin","waukesha",767516
"wisconsin","waupaca",37931
"wisconsin","waushara",13295
"wisconsin","winnebago",175874
"wisconsin","wood",56168
"wyoming","albany",102104
"wyoming","big horn",7394
"wyoming","campbell",85197
"wyoming","carbon",14795
"wyoming","converse",14597
"wyoming","crook",2934
"wyoming","fremont",90095
"wyoming","goshen",11395
"wyoming","hot springs",3575
"wyoming","johnson",7482
"wyoming","laramie",635108
"wyoming","lincoln",13300
"wyoming","natrona",89718
"wyoming","niobrara",6400
"wyoming","park",32951
"wyoming","platte",13385
"wyoming","sheridan",39916
"wyoming","sublette",11164
"wyoming","sweetwater",86716
"wyoming","teton",33461
"wyoming","uinta",29050
"wyoming","washakie",6927
"wyoming","weston",5615
